Timestamp,HeartRate,HRV,SpO2,Predicted_Label,Prob_Normal(0),Prob_Fatigue(1),Prob_Crise(2),Status,Hypoxie_Warning
2026-09-29 12:53:46,173.5,21.96,98,0,0.998259,2.5113617e-05,0.0017158584,Normal,False
2026-09-29 12:54:16,171.6,17.91,99,0,0.96185225,0.00096222106,0.03718554,Normal,False
2026-09-29 12:54:46,172.8,21.24,99,0,0.9994536,1.2084458e-05,0.0005343046,Normal,False
2026-09-29 12:55:16,175.0,1.69,99,0,0.98711175,0.00090333703,0.011984855,Normal,False
2026-09-29 12:55:46,170.3,5.5,99,0,0.93845844,0.0020986348,0.059442867,Normal,False
2026-09-29 12:56:16,170.4,15.74,98,0,0.96012497,0.0011583387,0.03871664,Normal,False
2026-09-29 12:56:46,174.4,4.18,100,0,0.98098546,0.0012311245,0.017783353,Normal,False
2026-09-29 12:57:16,167.4,13.68,100,0,0.98029226,0.00076428027,0.018943414,Normal,False
2026-09-29 12:57:46,167.6,29.5,98,0,0.9338817,0.00019377326,0.06592453,Normal,False
2026-09-29 12:58:16,176.5,1.39,100,2,0.3280628,0.009451465,0.6624858,Crise Cardiaque,False
2026-09-29 12:58:46,170.4,0.4,98,0,0.80483603,0.00013809394,0.19502583,Normal,False
2026-09-29 12:59:16,177.7,28.97,99,2,0.3950613,0.0006836711,0.604255,Crise Cardiaque,False
2026-09-29 12:59:46,171.6,6.93,100,0,0.9350306,0.0017338289,0.06323562,Normal,False
2026-09-29 13:00:16,171.9,20.5,98,0,0.97358954,3.2286727e-05,0.026378144,Normal,False
2026-09-29 13:00:46,170.9,11.73,99,0,0.96012497,0.0011583387,0.03871664,Normal,False
2026-09-29 13:01:16,173.1,19.88,99,0,0.99816966,0.00024753372,0.0015827428,Normal,False
2026-09-29 13:01:46,167.9,17.03,98,0,0.98029226,0.00076428027,0.018943414,Normal,False
2026-09-29 13:02:16,170.9,29.09,99,0,0.9299406,0.00018345044,0.06987596,Normal,False
2026-09-29 13:02:46,165.5,27.8,100,0,0.912968,0.000122049816,0.08690999,Normal,False
2026-09-29 13:03:16,168.9,27.66,99,0,0.93450475,0.00019194733,0.0653033,Normal,False
2026-09-29 13:03:46,169.0,8.14,98,0,0.9674222,0.001143996,0.031433832,Normal,False
2026-09-29 13:04:16,167.3,17.6,98,0,0.98029226,0.00076428027,0.018943414,Normal,False
2026-09-29 13:04:46,173.0,4.23,100,0,0.9970584,0.0004583156,0.0024833684,Normal,False
2026-09-29 13:05:16,166.7,4.96,98,0,0.93327415,0.0023712784,0.06435454,Normal,False
2026-09-29 13:05:46,173.7,21.87,98,0,0.998259,2.5113617e-05,0.0017158584,Normal,False
2026-09-29 13:06:16,174.7,18.18,99,0,0.9879296,0.0006688852,0.011401512,Normal,False
2026-09-29 13:06:46,169.5,25.89,99,0,0.89714104,0.00022354565,0.10263541,Normal,False
2026-09-29 13:07:16,171.1,2.86,100,0,0.9411046,0.001745092,0.057150297,Normal,False
2026-09-29 13:07:46,168.7,21.89,99,0,0.9326736,0.0001973137,0.06712905,Normal,False
2026-09-29 13:08:16,168.4,26.62,98,0,0.93450475,0.00019194733,0.0653033,Normal,False
2026-09-29 13:08:46,173.0,25.47,98,0,0.998259,2.5113617e-05,0.0017158584,Normal,False
2026-09-29 13:09:16,171.8,16.84,100,0,0.96185225,0.00096222106,0.03718554,Normal,False
2026-09-29 13:09:46,170.2,13.18,100,0,0.96012497,0.0011583387,0.03871664,Normal,False
2026-09-29 13:10:16,173.0,0.94,100,0,0.9970584,0.0004583156,0.0024833684,Normal,False
2026-09-29 13:10:46,179.9,20.87,98,0,0.9997701,7.009279e-06,0.00022283869,Normal,False
2026-09-29 13:11:16,168.9,7.48,98,0,0.96628255,0.0013823358,0.03233517,Normal,False
2026-09-29 13:11:46,167.7,28.29,100,0,0.9338817,0.00019377326,0.06592453,Normal,False
2026-09-29 13:12:16,172.6,8.69,99,0,0.99831104,0.00031474498,0.0013742226,Normal,False
2026-09-29 13:12:46,172.9,8.87,98,0,0.99831104,0.00031474498,0.0013742226,Normal,False
2026-09-29 13:13:16,174.7,26.14,99,0,0.9875773,6.78317e-05,0.012354922,Normal,False
2026-09-29 13:13:46,171.0,3.66,98,0,0.9411046,0.001745092,0.057150297,Normal,False
2026-09-29 13:14:16,174.3,9.54,98,0,0.9790066,0.0012286409,0.019764785,Normal,False
2026-09-29 13:14:46,174.5,0.02,98,0,0.78140396,0.00014727349,0.21844874,Normal,False
2026-09-29 13:15:16,168.1,25.82,100,0,0.9326736,0.0001973137,0.06712905,Normal,False
2026-09-29 13:15:46,172.4,14.54,98,0,0.9990439,0.00016992736,0.00078615063,Normal,False
2026-09-29 13:16:16,168.3,3.6,100,0,0.969482,0.0013869128,0.029131012,Normal,False
2026-09-29 13:16:46,170.6,16.74,98,0,0.96012497,0.0011583387,0.03871664,Normal,False
2026-09-29 13:17:16,170.3,1.95,99,0,0.93845844,0.0020986348,0.059442867,Normal,False
2026-09-29 13:17:46,166.2,8.55,98,0,0.92649686,0.0023540584,0.071149066,Normal,False
2026-09-29 13:18:16,171.9,8.0,99,0,0.9350306,0.0017338289,0.06323562,Normal,False
2026-09-29 13:18:46,170.0,8.36,98,0,0.93216014,0.0020845502,0.065755285,Normal,False
2026-09-29 13:19:16,172.0,19.03,99,0,0.9990439,0.00016992736,0.00078615063,Normal,False
2026-09-29 13:19:46,171.9,29.57,100,0,0.96613497,9.144469e-05,0.03377356,Normal,False
2026-09-29 13:20:16,168.5,20.16,100,0,0.9867464,2.524542e-05,0.0132284565,Normal,False
2026-09-29 13:20:46,168.0,24.09,98,0,0.9326736,0.0001973137,0.06712905,Normal,False
2026-09-29 13:21:16,170.0,18.97,99,0,0.96012497,0.0011583387,0.03871664,Normal,False
2026-09-29 13:21:46,175.7,23.95,98,0,0.99189067,4.8185313e-05,0.00806108,Normal,False
2026-09-29 13:22:16,170.8,9.62,99,0,0.93216014,0.0020845502,0.065755285,Normal,False
2026-09-29 13:22:46,174.4,9.78,100,0,0.9790066,0.0012286409,0.019764785,Normal,False
2026-09-29 13:23:16,173.3,21.33,100,0,0.998259,2.5113617e-05,0.0017158584,Normal,False
2026-09-29 13:23:46,81.9,0.26,95,1,0.0014066815,0.9961438,0.0024495204,Fatigue,False
2026-09-29 13:24:16,76.3,0.6,97,1,1.691498e-05,0.99981266,0.0001704395,Fatigue,False
2026-09-29 13:24:46,77.7,1.39,96,1,1.691456e-05,0.99978775,0.00019531572,Fatigue,False
2026-09-29 13:25:16,79.0,1.04,97,1,1.691456e-05,0.99978775,0.00019531572,Fatigue,False
2026-09-29 13:25:46,83.1,0.83,95,1,0.00016307262,0.99563074,0.0042062355,Fatigue,False
2026-09-29 13:26:16,81.6,0.36,96,1,0.0014066815,0.9961438,0.0024495204,Fatigue,False
2026-09-29 13:26:46,75.7,0.52,97,1,8.046493e-05,0.99938357,0.0005358985,Fatigue,False
2026-09-29 13:27:16,83.6,1.28,96,1,0.00012093409,0.99948967,0.00038933658,Fatigue,False
2026-09-29 13:27:46,81.9,0.13,96,1,0.0014066815,0.9961438,0.0024495204,Fatigue,False
2026-09-29 13:28:16,83.7,1.0,96,1,0.00012093409,0.99948967,0.00038933658,Fatigue,False
2026-09-29 13:28:46,80.5,1.04,95,1,0.00012339825,0.999483,0.00039360826,Fatigue,False
2026-09-29 13:29:16,76.3,0.34,95,1,8.046493e-05,0.99938357,0.0005358985,Fatigue,False
2026-09-29 13:29:46,80.0,0.27,97,1,0.24357288,0.54085755,0.21556954,Fatigue,False
2026-09-29 13:30:16,78.9,1.08,95,1,1.691456e-05,0.99978775,0.00019531572,Fatigue,False
2026-09-29 13:30:46,81.9,0.95,96,1,0.00012339825,0.999483,0.00039360826,Fatigue,False
2026-09-29 13:31:16,89.2,0.37,96,1,0.0054191453,0.9886363,0.0059444658,Fatigue,False
2026-09-29 13:31:46,80.0,1.36,97,1,0.002433165,0.99053967,0.007027163,Fatigue,False
2026-09-29 13:32:16,81.2,1.19,96,1,0.00012339825,0.999483,0.00039360826,Fatigue,False
2026-09-29 13:32:46,84.1,1.3,95,1,0.00015926575,0.99530435,0.0045364383,Fatigue,False
2026-09-29 13:33:16,83.5,0.75,97,1,0.00012093409,0.99948967,0.00038933658,Fatigue,False
2026-09-29 13:33:46,80.0,0.42,96,1,0.24357288,0.54085755,0.21556954,Fatigue,False
2026-09-29 13:34:16,80.6,0.56,95,1,0.0014066815,0.9961438,0.0024495204,Fatigue,False
2026-09-29 13:34:46,79.6,0.83,97,1,1.691456e-05,0.99978775,0.00019531572,Fatigue,False
2026-09-29 13:35:16,81.0,1.45,95,1,0.00012339825,0.999483,0.00039360826,Fatigue,False
2026-09-29 13:35:46,79.3,0.29,95,1,8.0458645e-05,0.9993055,0.0006140821,Fatigue,False
2026-09-29 13:36:16,130.1,161.48,88,1,0.09058652,0.697226,0.21218748,Fatigue,True
2026-09-29 13:36:46,129.9,201.93,91,1,0.0059595737,0.6624667,0.3315737,Fatigue,True
2026-09-29 13:37:16,130.7,162.32,92,1,0.09765426,0.6918073,0.21053842,Fatigue,False
2026-09-29 13:37:46,132.6,157.05,91,1,0.24281578,0.6860445,0.07113969,Fatigue,True
2026-09-29 13:38:16,137.6,201.15,88,1,0.12350226,0.6606636,0.21583413,Fatigue,True
2026-09-29 13:38:46,132.2,189.0,90,1,0.0036420731,0.9190316,0.077326305,Fatigue,True
2026-09-29 13:39:16,139.1,190.3,88,2,0.01900471,0.08975619,0.8912391,Crise Cardiaque,True
2026-09-29 13:39:46,134.1,165.34,91,1,0.14074525,0.6625454,0.19670932,Fatigue,True
2026-09-29 13:40:16,132.8,208.75,88,1,0.005551221,0.65844095,0.33600786,Fatigue,True
2026-09-29 13:40:46,132.0,176.69,90,2,0.012763337,0.016526148,0.97071046,Crise Cardiaque,True
2026-09-29 13:41:16,129.3,173.69,92,2,0.0040595965,0.033775393,0.96216506,Crise Cardiaque,False
2026-09-29 13:41:46,135.0,148.79,91,1,0.24868794,0.52853733,0.22277473,Fatigue,True
2026-09-29 13:42:16,140.0,179.21,91,2,0.06861027,0.013385679,0.91800404,Crise Cardiaque,True
2026-09-29 13:42:46,129.9,171.74,90,2,0.0040595965,0.033775393,0.96216506,Crise Cardiaque,True
2026-09-29 13:43:16,134.4,170.56,92,2,0.09640266,0.25522974,0.6483676,Crise Cardiaque,False
